Id,Predicted Price
892,113410.67255295107
1105,305081.8777590502
413,135904.7856297996
522,205424.67564124934
1036,227502.6834900486
614,121157.4807962382
218,205577.98056586503
1160,183787.20378268717
649,121157.4807962382
887,147219.22233195452
576,185971.75622994584
1252,93229.56899256134
1061,121965.26049014897
567,192005.2820366603
1108,208129.35962356962
1113,133824.25948955322
168,211250.14883393917
1102,146931.57417310533
1120,134240.3647176025
67,186179.80884397047
1040,219884.3323159616
453,197726.7289223378
670,185867.72992293353
1094,126334.36538466632
192,181186.5461073792
123,183707.60823786262
415,171720.15216925825
277,118844.4712797794
433,199183.09722051024
1317,199623.63321074733
184,132551.51304321762
554,245162.7249199549
1173,383364.4083217225
76,127998.78629686343
906,202511.93904490443
674,120484.46142978872
1398,200376.66521524912
374,206232.4553351601
1032,241160.86372911127
259,120716.94480600113
51,124645.51371028145
244,251820.40856874327
1101,101135.56832549753
581,244746.61969190565
679,105088.56799196562
1132,208912.7085552926
1220,123837.73401637068
49,101655.69986055912
591,271169.30167303444
1269,160846.6685505682
1249,105088.56799196562
1138,221989.28921839574
490,137960.88100785817
1024,360448.3038517913
811,143835.2157249236
141,212706.51713211162
846,216971.5957196167
925,149458.52246862213
772,118507.96159655467
532,114995.49792032363
29,109714.58702488318
1299,131927.3552011437
65,262926.7926568735
765,215643.68449064431
1347,217075.622026629
175,230158.5059479933
394,136528.9434718735
619,240977.24187727438
1131,103632.19969379315
115,210650.42175405304
894,165350.11667931906
1221,128286.43445571259
427,96662.43712396784
736,167167.42542290402
898,304898.2559072134
682,163263.70437403928
990,281155.827146217
718,283860.5111285373
44,121940.82972796117
59,110106.26149074468
363,131639.70704229455
398,141002.0746734032
422,131743.73334930686
494,121133.05003405042
416,147947.40648104073
584,165943.95759417178
270,234031.91006963686
351,180115.96611003485
1078,143835.2157249236
1344,183787.20378268717
836,191142.75465334058
643,174192.3527753661
274,113851.20854318813
322,289661.5535590393
78,189588.2462131892
922,169223.5208009626
275,193357.62402782042
1265,183371.0985546379
220,214811.47403454577
316,250443.63581539533
1006,204696.49149216313
1240,216243.41157053044
70,263575.3812611352
15,117804.20820965622
1164,177931.41366277618
1320,156061.45842800156
754,109041.56765843372
720,240193.89294555143
1047,105296.62060599026
628,165374.96453473464
636,138841.9529883323
464,140512.2600655628
855,110497.93595660616
1397,133047.21381609145
382,219260.17447388766
1428,112602.89285904031
788,122693.4446392352
1340,93021.5163785367
1216,203527.77135283983
332,201783.75489581822
543,135409.0848569258
203,143835.2157249236
1134,198766.99199246097
1414,167896.02666521806
429,179210.04627414516
1272,99575.17372031276
746,240353.0840352005
589,126230.339077654
838,116635.48807033294
1293,178769.5102839081
590,196894.51846623924
585,269945.41675107443
1201,217387.70094766596
198,180874.88427957005
916,75539.21063543385
994,211042.09621991453
1228,232673.68191344332
43,99887.25264134971
1033,204384.41257112616
691,484661.60058953264
231,296319.23720782774
526,125502.15492856778
101,212498.46451808698
1092,181890.29949427766
411,112162.35686880325
1392,95934.25297488162
907,216292.6901881338
782,181082.5198003669
952,108857.94580659686
620,118844.4712797794
669,151716.78429567197
128,142538.03851640018
529,297310.22166034754
910,215570.39220408097
998,114346.90931606194
1450,192084.87758148485
1163,183126.84284835868
247,172001.91416307402
528,91901.657763589
733,121316.67188588726
32,160693.3636259525
634,162113.52883187038
1027,203552.2021150276
1053,134399.55580725157
575,155461.73134811543
843,139606.75732290087
297,235176.19944677237
261,300088.61502245895
1046,334031.5080356959
939,255644.95116601128
309,234552.04160469846
163,147372.11016334238
1009,163997.7746881589
599,194189.83448391897
1175,304433.2891547885
371,170863.51095097192
239,156997.6951911124
881,210938.06991290223
1333,170441.51955788926
1358,195958.2817031284
1156,163918.1791433344
812,137569.20654199668
1331,101551.67355354679
425,146803.11710390524
1054,239233.22542025277
63,210209.88576381598
817,208025.3333165573
1394,215019.5266485704
1306,201288.05412294442
915,115907.30392124671
432,170961.65109295084
693,140585.96944535393
966,165032.1515932487
1170,118611.98790356699
1042,221493.58844552192
607,271224.04936244345
1089,185341.71222283854
30,139313.22299901833
56,213226.64866717323
1178,142017.90698133857
451,218452.39477997692
558,182746.94071256398
365,142121.9332883509
423,279258.9228578075
958,171408.07324822128
806,134270.6816448237
1133,242458.04093763465
979,118924.06682460394
354,194887.70170578404
1356,95102.04251878307
306,239000.74204404035
796,135984.38117462414
99,129742.80275388504
755,185347.59838787193
271,170753.5984789262
240,195230.09755404215
597,144796.30034345
946,121316.67188588726
358,142954.14374444945
984,186051.3517747704
777,95310.0951328077
707,196710.89661440242
598,203656.22842203995
874,119964.32989472713
930,184827.46685281035
339,128702.53968376186
1279,146307.41633103142
1432,106367.20060333461
1041,145426.3443505573
711,151508.73168164733
1049,125710.20754259241
310,188468.38759824148
571,118844.4712797794
917,130158.90798193432
602,231535.27870134122
289,147531.30125299146
428,184643.8450009735
1085,132575.9438054054
208,246827.145832152
680,154996.3475024628
353,103864.68307000559
324,288804.912340753
237,213746.7802022348
58,368696.6990329856
1159,200823.08737051956
535,142434.01220938785
367,151172.22199842258
695,177257.97720309888
23,112578.46209685253
107,111042.49825385553
1430,196870.08770405146
1018,185451.62469488426
361,158870.16871733413
1001,100847.92016664836
538,122877.06649107204
1421,170184.18832626127
1177,129638.77644687273
1291,167767.15250279015
781,199079.07091349794
1447,249739.8824284969
774,237568.80450805568
672,127974.35553467562
233,95310.0951328077
426,229999.31485834424
196,211874.30667601308
1226,206752.5868702217
81,198063.23860556254
1368,143835.2157249236
1125,133512.18056851628
111,181082.5198003669
1243,274938.6794876657
744,198063.23860556254
937,237360.75189403104
344,117987.83006149308
1232,186308.2659131706
865,106544.93629013808
1088,210105.85945680368
350,253405.23393611584
588,208851.65760762244
1427,164383.56298898702
948,217075.622026629
1449,121157.4807962382
989,196270.36062416533
677,111354.5771748925
478,211042.09621991453
1271,187220.07191409366
1410,223733.30567541736
479,146619.4952520684
1361,191485.15050159872
802,183787.20378268717
651,132735.13489505448
722,92189.30592243816
